job_title,job_detail_url,job_listed,company_name,company_link,company_location
Player Relations Executive,https://eg.linkedin.com/jobs/view/player-relations-executive-at-wadi-degla-clubs-company-s-a-e-3958025931?position=1&pageNum=0&refId=ExTdqhaJyllzaE4DtUiz7Q%3D%3D&trackingId=3oQGAoK3%2F%2FHyvDj0ItmgMw%3D%3D&trk=public_jobs_jserp-result_search-card,3 days ago,Wadi Degla Clubs Company S.A.E.,https://eg.linkedin.com/company/wadi-degla-clubs-company-s-a-e?trk=public_jobs_jserp-result_job-search-card-subtitle,"Cairo, Cairo, Egypt"
Site Engineer,https://eg.linkedin.com/jobs/view/site-engineer-at-m%C3%B6venpick-hotels-resorts-3932336176?position=2&pageNum=0&refId=ExTdqhaJyllzaE4DtUiz7Q%3D%3D&trackingId=vvYeecLXnnrZiFJL4hikIg%3D%3D&trk=public_jobs_jserp-result_search-card,1 month ago,Mövenpick Hotels & Resorts,https://fr.linkedin.com/company/moevenpick-hotels-&-resorts?trk=public_jobs_jserp-result_job-search-card-subtitle,"Al Bahr al Ahmar, Egypt"
Shift Engineer,https://eg.linkedin.com/jobs/view/shift-engineer-at-m%C3%B6venpick-hotels-resorts-3932331633?position=3&pageNum=0&refId=ExTdqhaJyllzaE4DtUiz7Q%3D%3D&trackingId=PFYnjAzfEc6mau3xTWzKkw%3D%3D&trk=public_jobs_jserp-result_search-card,1 month ago,Mövenpick Hotels & Resorts,https://fr.linkedin.com/company/moevenpick-hotels-&-resorts?trk=public_jobs_jserp-result_job-search-card-subtitle,"Al Bahr al Ahmar, Egypt"
Executive Assistant,https://eg.linkedin.com/jobs/view/executive-assistant-at-the-coca-cola-company-3959129118?position=4&pageNum=0&refId=ExTdqhaJyllzaE4DtUiz7Q%3D%3D&trackingId=jTqiU%2Bf2x9V%2Bn9PB7JwZLg%3D%3D&trk=public_jobs_jserp-result_search-card,1 day ago,The Coca-Cola Company,https://www.linkedin.com/company/the-coca-cola-company?trk=public_jobs_jserp-result_job-search-card-subtitle,"Cairo, Cairo, Egypt"
Receptionist,https://eg.linkedin.com/jobs/view/receptionist-at-al-mansour-automotive-3959719132?position=5&pageNum=0&refId=ExTdqhaJyllzaE4DtUiz7Q%3D%3D&trackingId=vmbTmZoLhEMUjc2cZYQ7dw%3D%3D&trk=public_jobs_jserp-result_search-card,1 day ago,Al-Mansour Automotive,https://eg.linkedin.com/company/al-mansour-automotive?trk=public_jobs_jserp-result_job-search-card-subtitle,"Giza, Al Jizah, Egypt"
Reconciliation Officer,https://eg.linkedin.com/jobs/view/reconciliation-officer-at-banque-misr-3948255612?position=6&pageNum=0&refId=ExTdqhaJyllzaE4DtUiz7Q%3D%3D&trackingId=0z54OZePor9NeU2Sfpqqiw%3D%3D&trk=public_jobs_jserp-result_search-card,2 weeks ago,Banque Misr,https://eg.linkedin.com/company/banque-misr?trk=public_jobs_jserp-result_job-search-card-subtitle,"Cairo, Egypt"
"Digital Marketing Executive, noon food",https://eg.linkedin.com/jobs/view/digital-marketing-executive-noon-food-at-noon-3937341892?position=7&pageNum=0&refId=ExTdqhaJyllzaE4DtUiz7Q%3D%3D&trackingId=YIJYZPf4tLfHwhUHV%2FAZBw%3D%3D&trk=public_jobs_jserp-result_search-card,4 weeks ago,noon,https://sa.linkedin.com/company/nooncom?trk=public_jobs_jserp-result_job-search-card-subtitle,"Cairo, Egypt"
Training Officer,https://eg.linkedin.com/jobs/view/training-officer-at-wadi-degla-clubs-company-s-a-e-3958787420?position=8&pageNum=0&refId=ExTdqhaJyllzaE4DtUiz7Q%3D%3D&trackingId=68kpBLs5nv9AJxDaB1ZtjA%3D%3D&trk=public_jobs_jserp-result_search-card,2 days ago,Wadi Degla Clubs Company S.A.E.,https://eg.linkedin.com/company/wadi-degla-clubs-company-s-a-e?trk=public_jobs_jserp-result_job-search-card-subtitle,"Cairo, Egypt"
Marketing Specialist,https://eg.linkedin.com/jobs/view/marketing-specialist-at-talaat-moustafa-group-3937196703?position=9&pageNum=0&refId=ExTdqhaJyllzaE4DtUiz7Q%3D%3D&trackingId=pMZa%2FS4MN1UjJz2EXSD%2BAQ%3D%3D&trk=public_jobs_jserp-result_search-card,4 weeks ago,Talaat Moustafa Group,https://eg.linkedin.com/company/talaatmoustafagroup?trk=public_jobs_jserp-result_job-search-card-subtitle,"Cairo, Egypt"
Chief Accountant,https://eg.linkedin.com/jobs/view/chief-accountant-at-misr-technology-services-3942303348?position=10&pageNum=0&refId=ExTdqhaJyllzaE4DtUiz7Q%3D%3D&trackingId=RwKPeaOZw2Ly3CgyTHIWTA%3D%3D&trk=public_jobs_jserp-result_search-card,3 weeks ago,Misr Technology Services,https://eg.linkedin.com/company/misr-technology-services?trk=public_jobs_jserp-result_job-search-card-subtitle,"Heliopolis, Cairo, Egypt"
Trade Marketing Lead,https://eg.linkedin.com/jobs/view/trade-marketing-lead-at-beyti-an-almarai-subsidiary-3939025103?position=1&pageNum=2&refId=qwGox5wvb1%2BKzZwnXDyebQ%3D%3D&trackingId=t9bkN5SssHiB7bdtxZJW8Q%3D%3D&trk=public_jobs_jserp-result_search-card,3 weeks ago,Beyti - an Almarai Subsidiary,https://eg.linkedin.com/company/beyti-an-almarai-subsidiary?trk=public_jobs_jserp-result_job-search-card-subtitle,"Cairo, Egypt"
Public Relation Officer and HR Officer,https://eg.linkedin.com/jobs/view/public-relation-officer-and-hr-officer-at-sundus-3820237809?position=2&pageNum=2&refId=qwGox5wvb1%2BKzZwnXDyebQ%3D%3D&trackingId=PsMLojFAS%2FdLhyNTh7UKbQ%3D%3D&trk=public_jobs_jserp-result_search-card,4 months ago,Sundus,https://ae.linkedin.com/company/sundusglobal?trk=public_jobs_jserp-result_job-search-card-subtitle,"Cairo, Cairo, Egypt"
Talent Acquisition Specialist,https://eg.linkedin.com/jobs/view/talent-acquisition-specialist-at-talaat-moustafa-group-3957306900?position=3&pageNum=2&refId=qwGox5wvb1%2BKzZwnXDyebQ%3D%3D&trackingId=GX8FX0s0dVR83ky8s%2FSZLA%3D%3D&trk=public_jobs_jserp-result_search-card,4 days ago,Talaat Moustafa Group,https://eg.linkedin.com/company/talaatmoustafagroup?trk=public_jobs_jserp-result_job-search-card-subtitle,"New Cairo, Cairo, Egypt"
General Accountant,https://eg.linkedin.com/jobs/view/general-accountant-at-mapei-middle-east-east-africa-3957196975?position=4&pageNum=2&refId=qwGox5wvb1%2BKzZwnXDyebQ%3D%3D&trackingId=%2B3AvAiC6Or0QgFW2u%2F0VXg%3D%3D&trk=public_jobs_jserp-result_search-card,4 days ago,MAPEI Middle East & East Africa,https://ae.linkedin.com/company/mapeimeea?trk=public_jobs_jserp-result_job-search-card-subtitle,"Cairo, Egypt"
ممثل خدمة عملاء,https://eg.linkedin.com/jobs/view/%D9%85%D9%85%D8%AB%D9%84-%D8%AE%D8%AF%D9%85%D8%A9-%D8%B9%D9%85%D9%84%D8%A7%D8%A1-at-jobbab-3938104750?position=5&pageNum=2&refId=qwGox5wvb1%2BKzZwnXDyebQ%3D%3D&trackingId=lWMdL7R56AMjfZrPsaqMiw%3D%3D&trk=public_jobs_jserp-result_search-card,4 weeks ago,Jobbab,https://www.linkedin.com/company/jobbab?trk=public_jobs_jserp-result_job-search-card-subtitle,"Cairo, Cairo, Egypt"
Project Manager,https://eg.linkedin.com/jobs/view/project-manager-at-talaat-moustafa-group-3957556712?position=6&pageNum=2&refId=qwGox5wvb1%2BKzZwnXDyebQ%3D%3D&trackingId=b3Yg0QHfIP0%2BD0AadZ7p4w%3D%3D&trk=public_jobs_jserp-result_search-card,3 days ago,Talaat Moustafa Group,https://eg.linkedin.com/company/talaatmoustafagroup?trk=public_jobs_jserp-result_job-search-card-subtitle,"Cairo, Egypt"
Medical Representative - Egypt Positions (detailed locations in post),https://eg.linkedin.com/jobs/view/medical-representative-egypt-positions-detailed-locations-in-post-at-danone-3957749201?position=7&pageNum=2&refId=qwGox5wvb1%2BKzZwnXDyebQ%3D%3D&trackingId=%2F68o7%2B%2F3O3VI4W0XYhnh9g%3D%3D&trk=public_jobs_jserp-result_search-card,3 days ago,Danone,https://fr.linkedin.com/company/danone?trk=public_jobs_jserp-result_job-search-card-subtitle,"Kafr ash Shaykh, Kafr ash Shaykh, Egypt"
IT Specialist,https://eg.linkedin.com/jobs/view/it-specialist-at-nawy-3934536750?position=8&pageNum=2&refId=qwGox5wvb1%2BKzZwnXDyebQ%3D%3D&trackingId=TLGqTu6gi9fWYqlgIxK85g%3D%3D&trk=public_jobs_jserp-result_search-card,1 month ago,Nawy,https://eg.linkedin.com/company/nawyestate?trk=public_jobs_jserp-result_job-search-card-subtitle,"Cairo, Cairo, Egypt"
Front Desk Receptionist - Sales Office,https://eg.linkedin.com/jobs/view/front-desk-receptionist-sales-office-at-talaat-moustafa-group-3957312040?position=9&pageNum=2&refId=qwGox5wvb1%2BKzZwnXDyebQ%3D%3D&trackingId=%2F37OJlDuW1dCMyNWemgtLw%3D%3D&trk=public_jobs_jserp-result_search-card,4 days ago,Talaat Moustafa Group,https://eg.linkedin.com/company/talaatmoustafagroup?trk=public_jobs_jserp-result_job-search-card-subtitle,"New Cairo, Cairo, Egypt"
Social Media Intern - Noon Food Egypt,https://eg.linkedin.com/jobs/view/social-media-intern-noon-food-egypt-at-noon-3946882195?position=10&pageNum=2&refId=qwGox5wvb1%2BKzZwnXDyebQ%3D%3D&trackingId=w6Urs0aY3Zc59%2Fri6VVDKA%3D%3D&trk=public_jobs_jserp-result_search-card,2 weeks ago,noon,https://sa.linkedin.com/company/nooncom?trk=public_jobs_jserp-result_job-search-card-subtitle,"Giza, Al Jizah, Egypt"
Customer Success Manager (Remote),https://eg.linkedin.com/jobs/view/customer-success-manager-remote-at-pluto-3955859791?position=1&pageNum=5&refId=xfGJqgj3D%2F23PURi%2FnS8Gw%3D%3D&trackingId=1cAWu5v4wV4oFBjxe8Lk9w%3D%3D&trk=public_jobs_jserp-result_search-card,5 days ago,Pluto,https://ae.linkedin.com/company/plutocardmena?trk=public_jobs_jserp-result_job-search-card-subtitle,"Cairo, Cairo, Egypt"
Product Owner,https://eg.linkedin.com/jobs/view/product-owner-at-banque-misr-3895820331?position=2&pageNum=5&refId=xfGJqgj3D%2F23PURi%2FnS8Gw%3D%3D&trackingId=nvbN5t5%2FSSYw9%2By30SmbGw%3D%3D&trk=public_jobs_jserp-result_search-card,2 months ago,Banque Misr,https://eg.linkedin.com/company/banque-misr?trk=public_jobs_jserp-result_job-search-card-subtitle,"Cairo, Cairo, Egypt"
Customer Life Cycle Unit Manager,https://eg.linkedin.com/jobs/view/customer-life-cycle-unit-manager-at-adib-abu-dhabi-islamic-bank-3942273956?position=3&pageNum=5&refId=xfGJqgj3D%2F23PURi%2FnS8Gw%3D%3D&trackingId=xDuCQXS7MkhFqmbxy9DjUQ%3D%3D&trk=public_jobs_jserp-result_search-card,3 weeks ago,ADIB - Abu Dhabi Islamic Bank,https://ae.linkedin.com/company/abu-dhabi-islamic-bank?trk=public_jobs_jserp-result_job-search-card-subtitle,"Cairo, Egypt"
Administrative Assistant,https://eg.linkedin.com/jobs/view/administrative-assistant-at-novartis-3956936526?position=4&pageNum=5&refId=xfGJqgj3D%2F23PURi%2FnS8Gw%3D%3D&trackingId=N3f6zidi51kcDq6AnEUKoQ%3D%3D&trk=public_jobs_jserp-result_search-card,4 days ago,Novartis,https://ch.linkedin.com/company/novartis?trk=public_jobs_jserp-result_job-search-card-subtitle,Egypt
Seller Operation Executive,https://eg.linkedin.com/jobs/view/seller-operation-executive-at-noon-3942591800?position=5&pageNum=5&refId=xfGJqgj3D%2F23PURi%2FnS8Gw%3D%3D&trackingId=6CoWPNARnIPfDgU3gzW43Q%3D%3D&trk=public_jobs_jserp-result_search-card,3 weeks ago,noon,https://sa.linkedin.com/company/nooncom?trk=public_jobs_jserp-result_job-search-card-subtitle,"6th of October, Al Jizah, Egypt"
Quality Assurance Supervisor - Customer Service,https://eg.linkedin.com/jobs/view/quality-assurance-supervisor-customer-service-at-noon-3940353761?position=6&pageNum=5&refId=xfGJqgj3D%2F23PURi%2FnS8Gw%3D%3D&trackingId=tp3hhU7509kVRcPbI6hhRg%3D%3D&trk=public_jobs_jserp-result_search-card,3 weeks ago,noon,https://sa.linkedin.com/company/nooncom?trk=public_jobs_jserp-result_job-search-card-subtitle,"El Sheikh Zaid, Al Jizah, Egypt"
Inventory Controller,https://eg.linkedin.com/jobs/view/inventory-controller-at-tagaddod-3930125638?position=7&pageNum=5&refId=xfGJqgj3D%2F23PURi%2FnS8Gw%3D%3D&trackingId=OTnaikGT594qgaCcTdI%2BEg%3D%3D&trk=public_jobs_jserp-result_search-card,1 month ago,Tagaddod,https://eg.linkedin.com/company/tagaddod?trk=public_jobs_jserp-result_job-search-card-subtitle,"6th of October, Cairo, Egypt"
HR Specialist,https://eg.linkedin.com/jobs/view/hr-specialist-at-adree-3958030345?position=8&pageNum=5&refId=xfGJqgj3D%2F23PURi%2FnS8Gw%3D%3D&trackingId=UUxKCBfjkpQvHgFsV8g60Q%3D%3D&trk=public_jobs_jserp-result_search-card,4 weeks ago,Adree,https://sa.linkedin.com/company/adree-company?trk=public_jobs_jserp-result_job-search-card-subtitle,"Cairo, Cairo, Egypt"
Junior Software Engineer,https://eg.linkedin.com/jobs/view/junior-software-engineer-at-halan-%D8%AD%D8%A7%D9%84%D8%A7-3930305369?position=9&pageNum=5&refId=xfGJqgj3D%2F23PURi%2FnS8Gw%3D%3D&trackingId=q9toN%2BOHzLayWjbuEDvc%2FQ%3D%3D&trk=public_jobs_jserp-result_search-card,2 months ago,Halan - حالا,https://eg.linkedin.com/company/halan?trk=public_jobs_jserp-result_job-search-card-subtitle,"Cairo, Cairo, Egypt"
Procurement Specialist,https://eg.linkedin.com/jobs/view/procurement-specialist-at-nestl%C3%A9-3951258791?position=10&pageNum=5&refId=xfGJqgj3D%2F23PURi%2FnS8Gw%3D%3D&trackingId=YZvYefdWBSfSRy2gMo3XZA%3D%3D&trk=public_jobs_jserp-result_search-card,1 week ago,Nestlé,https://ch.linkedin.com/company/nestle-s-a-?trk=public_jobs_jserp-result_job-search-card-subtitle,"Cairo, Cairo, Egypt"
HR Operations Lead,https://eg.linkedin.com/jobs/view/hr-operations-lead-at-al-ahly-momkn-for-e-payments-3949666567?position=1&pageNum=7&refId=hiL6pj9%2B5iC1hBOlvH0cSg%3D%3D&trackingId=mFo0zoku1Iy7tWpKNzvyrA%3D%3D&trk=public_jobs_jserp-result_search-card,1 week ago,Al Ahly Momkn For E-payments,https://eg.linkedin.com/company/alahlymomknfore-payments?trk=public_jobs_jserp-result_job-search-card-subtitle,"Cairo, Cairo, Egypt"
Corporate Social Responsibility Executive,https://eg.linkedin.com/jobs/view/corporate-social-responsibility-executive-at-banque-misr-3958796445?position=2&pageNum=7&refId=hiL6pj9%2B5iC1hBOlvH0cSg%3D%3D&trackingId=kveigzUVhDnokae0fd381w%3D%3D&trk=public_jobs_jserp-result_search-card,2 days ago,Banque Misr,https://eg.linkedin.com/company/banque-misr?trk=public_jobs_jserp-result_job-search-card-subtitle,"Cairo, Egypt"
Corporate Relationship Manager,https://eg.linkedin.com/jobs/view/corporate-relationship-manager-at-al-ahli-bank-of-kuwait-egypt-3936822708?position=3&pageNum=7&refId=hiL6pj9%2B5iC1hBOlvH0cSg%3D%3D&trackingId=nuw16o%2BLKMmPkTcTYJ5Aag%3D%3D&trk=public_jobs_jserp-result_search-card,2 days ago,Al Ahli Bank of Kuwait - Egypt,https://eg.linkedin.com/company/abkegypt?trk=public_jobs_jserp-result_job-search-card-subtitle,"Cairo, Egypt"
IT Technician,https://eg.linkedin.com/jobs/view/it-technician-at-breadfast-3903835696?position=4&pageNum=7&refId=hiL6pj9%2B5iC1hBOlvH0cSg%3D%3D&trackingId=ncDvuXjVGwCQAtYnemCDIA%3D%3D&trk=public_jobs_jserp-result_search-card,2 months ago,Breadfast,https://eg.linkedin.com/company/breadfast?trk=public_jobs_jserp-result_job-search-card-subtitle,"Cairo, Cairo, Egypt"
purchase Officer,https://eg.linkedin.com/jobs/view/purchase-officer-at-pipecare-group-3874882594?position=5&pageNum=7&refId=hiL6pj9%2B5iC1hBOlvH0cSg%3D%3D&trackingId=zIja5IA0SgXsxeLZ9HLrgQ%3D%3D&trk=public_jobs_jserp-result_search-card,3 months ago,PIPECARE Group,https://ae.linkedin.com/company/pipecaregroup?trk=public_jobs_jserp-result_job-search-card-subtitle,"Cairo, Cairo, Egypt"
Graphic Designer,https://eg.linkedin.com/jobs/view/graphic-designer-at-lamipak-3960423381?position=6&pageNum=7&refId=hiL6pj9%2B5iC1hBOlvH0cSg%3D%3D&trackingId=1bELGkdej2lyYIYXBeJO%2FQ%3D%3D&trk=public_jobs_jserp-result_search-card,2 weeks ago,Lamipak,https://cn.linkedin.com/company/lamipackaging?trk=public_jobs_jserp-result_job-search-card-subtitle,"Al Maḩallah al Kubrá, Al Gharbiyah, Egypt"
General Manager,https://eg.linkedin.com/jobs/view/general-manager-at-accor-3943723297?position=7&pageNum=7&refId=hiL6pj9%2B5iC1hBOlvH0cSg%3D%3D&trackingId=Jphp8wwXb2jkmnof0C5x3g%3D%3D&trk=public_jobs_jserp-result_search-card,3 weeks ago,Accor,https://fr.linkedin.com/company/accor?trk=public_jobs_jserp-result_job-search-card-subtitle,"Hurghada, Al Bahr al Ahmar, Egypt"
Customer Experience Representative,https://eg.linkedin.com/jobs/view/customer-experience-representative-at-thndr-3953541318?position=8&pageNum=7&refId=hiL6pj9%2B5iC1hBOlvH0cSg%3D%3D&trackingId=JLLToUk7JjHo3LlF%2FkS4Ng%3D%3D&trk=public_jobs_jserp-result_search-card,1 week ago,Thndr,https://eg.linkedin.com/company/thndrapp?trk=public_jobs_jserp-result_job-search-card-subtitle,"Cairo, Cairo, Egypt"
Talent Management Partner,https://eg.linkedin.com/jobs/view/talent-management-partner-at-al-mansour-automotive-3943422852?position=9&pageNum=7&refId=hiL6pj9%2B5iC1hBOlvH0cSg%3D%3D&trackingId=Tkfn%2BWdMV1LcR%2Fh1w0wLWw%3D%3D&trk=public_jobs_jserp-result_search-card,3 weeks ago,Al-Mansour Automotive,https://eg.linkedin.com/company/al-mansour-automotive?trk=public_jobs_jserp-result_job-search-card-subtitle,"New Cairo, Cairo, Egypt"
Contact Center Representative,https://eg.linkedin.com/jobs/view/contact-center-representative-at-nawy-3887660221?position=10&pageNum=7&refId=hiL6pj9%2B5iC1hBOlvH0cSg%3D%3D&trackingId=KAb1W1S6EfIGUWKAPdyq%2Bg%3D%3D&trk=public_jobs_jserp-result_search-card,2 months ago,Nawy,https://eg.linkedin.com/company/nawyestate?trk=public_jobs_jserp-result_job-search-card-subtitle,"Cairo, Cairo, Egypt"
Customer Service - Retail Vacancies,https://eg.linkedin.com/jobs/view/customer-service-retail-vacancies-at-a3malouna-com-3943236367?position=1&pageNum=10&refId=sZtqeoz1BIfb3A4pJrA1eA%3D%3D&trackingId=rpdPYppYKvZTnrxbbgKnxg%3D%3D&trk=public_jobs_jserp-result_search-card,3 weeks ago,A3malouna.com,https://www.linkedin.com/company/a3malouna?trk=public_jobs_jserp-result_job-search-card-subtitle,"Giza, Al Jizah, Egypt"
Technical Support Engineer,https://eg.linkedin.com/jobs/view/technical-support-engineer-at-halan-%D8%AD%D8%A7%D9%84%D8%A7-3901244662?position=2&pageNum=10&refId=sZtqeoz1BIfb3A4pJrA1eA%3D%3D&trackingId=ncXZJGiDOt5qZV2uMb15HA%3D%3D&trk=public_jobs_jserp-result_search-card,2 months ago,Halan - حالا,https://eg.linkedin.com/company/halan?trk=public_jobs_jserp-result_job-search-card-subtitle,"Cairo, Cairo, Egypt"
Corporate Relationship Manager,https://eg.linkedin.com/jobs/view/corporate-relationship-manager-at-al-ahli-bank-of-kuwait-egypt-3936822708?position=3&pageNum=10&refId=sZtqeoz1BIfb3A4pJrA1eA%3D%3D&trackingId=xH6zLLj7fT9hPHoqTAirQw%3D%3D&trk=public_jobs_jserp-result_search-card,2 days ago,Al Ahli Bank of Kuwait - Egypt,https://eg.linkedin.com/company/abkegypt?trk=public_jobs_jserp-result_job-search-card-subtitle,"Cairo, Egypt"
Backend Engineer,https://eg.linkedin.com/jobs/view/backend-engineer-at-halan-%D8%AD%D8%A7%D9%84%D8%A7-3814059987?position=4&pageNum=10&refId=sZtqeoz1BIfb3A4pJrA1eA%3D%3D&trackingId=cDiiIEWILr%2BFST%2F%2BwekAPw%3D%3D&trk=public_jobs_jserp-result_search-card,5 months ago,Halan - حالا,https://eg.linkedin.com/company/halan?trk=public_jobs_jserp-result_job-search-card-subtitle,"Cairo, Cairo, Egypt"
Operational Internal Auditor,https://eg.linkedin.com/jobs/view/operational-internal-auditor-at-halan-%D8%AD%D8%A7%D9%84%D8%A7-3908574643?position=5&pageNum=10&refId=sZtqeoz1BIfb3A4pJrA1eA%3D%3D&trackingId=zU4vLf6DOzIKjuQAUKUcCQ%3D%3D&trk=public_jobs_jserp-result_search-card,2 months ago,Halan - حالا,https://eg.linkedin.com/company/halan?trk=public_jobs_jserp-result_job-search-card-subtitle,"Cairo, Cairo, Egypt"
Chief of Staff,https://eg.linkedin.com/jobs/view/chief-of-staff-at-ssc-egypt-3908239135?position=6&pageNum=10&refId=sZtqeoz1BIfb3A4pJrA1eA%3D%3D&trackingId=O2rFBOXqMKEWt3hvcTik2A%3D%3D&trk=public_jobs_jserp-result_search-card,2 months ago,SSC Egypt,https://eg.linkedin.com/company/ssc-egypt?trk=public_jobs_jserp-result_job-search-card-subtitle,"Cairo, Cairo, Egypt"
Junior Data Analyst,https://eg.linkedin.com/jobs/view/junior-data-analyst-at-pipecare-group-3879091478?position=7&pageNum=10&refId=sZtqeoz1BIfb3A4pJrA1eA%3D%3D&trackingId=UaCeW8jhHo%2BggbBG9bIvqg%3D%3D&trk=public_jobs_jserp-result_search-card,2 months ago,PIPECARE Group,https://ae.linkedin.com/company/pipecaregroup?trk=public_jobs_jserp-result_job-search-card-subtitle,"Cairo, Cairo, Egypt"
Retail Sales Executive,https://eg.linkedin.com/jobs/view/retail-sales-executive-at-al-mansour-automotive-3946893426?position=8&pageNum=10&refId=sZtqeoz1BIfb3A4pJrA1eA%3D%3D&trackingId=2edJeSfECqLqpxPy%2Bvs71g%3D%3D&trk=public_jobs_jserp-result_search-card,2 weeks ago,Al-Mansour Automotive,https://eg.linkedin.com/company/al-mansour-automotive?trk=public_jobs_jserp-result_job-search-card-subtitle,"Giza, Al Jizah, Egypt"
Talent Acquisition Specialist,https://eg.linkedin.com/jobs/view/talent-acquisition-specialist-at-nawy-3891665831?position=9&pageNum=10&refId=sZtqeoz1BIfb3A4pJrA1eA%3D%3D&trackingId=eqwf0Gw9gAvO%2Bm789Kc0%2BQ%3D%3D&trk=public_jobs_jserp-result_search-card,3 months ago,Nawy,https://eg.linkedin.com/company/nawyestate?trk=public_jobs_jserp-result_job-search-card-subtitle,"Cairo, Cairo, Egypt"
Financial Controller,https://eg.linkedin.com/jobs/view/financial-controller-at-talent-disruptors-3860724211?position=10&pageNum=10&refId=sZtqeoz1BIfb3A4pJrA1eA%3D%3D&trackingId=NxOxZoJSyloL94MKc9EnhQ%3D%3D&trk=public_jobs_jserp-result_search-card,3 months ago,Talent Disruptors,https://www.linkedin.com/company/talentdisruptors?trk=public_jobs_jserp-result_job-search-card-subtitle,Egypt
Business Development Executive - noon Food Egypt,https://eg.linkedin.com/jobs/view/business-development-executive-noon-food-egypt-at-noon-3955321422?position=1&pageNum=12&refId=AHX%2BTkIrmw8TNl1Oefstgg%3D%3D&trackingId=r4P7Ps7RezQzNSkVNzXCjA%3D%3D&trk=public_jobs_jserp-result_search-card,1 week ago,noon,https://sa.linkedin.com/company/nooncom?trk=public_jobs_jserp-result_job-search-card-subtitle,"Giza, Al Jizah, Egypt"
Senior Operational Risk Analyst,https://eg.linkedin.com/jobs/view/senior-operational-risk-analyst-at-halan-%D8%AD%D8%A7%D9%84%D8%A7-3849442713?position=2&pageNum=12&refId=AHX%2BTkIrmw8TNl1Oefstgg%3D%3D&trackingId=F5hUncow0tNQs368LySEuA%3D%3D&trk=public_jobs_jserp-result_search-card,3 months ago,Halan - حالا,https://eg.linkedin.com/company/halan?trk=public_jobs_jserp-result_job-search-card-subtitle,"Cairo, Cairo, Egypt"
Personnel Supervisor,https://eg.linkedin.com/jobs/view/personnel-supervisor-at-halan-%D8%AD%D8%A7%D9%84%D8%A7-3925467295?position=3&pageNum=12&refId=AHX%2BTkIrmw8TNl1Oefstgg%3D%3D&trackingId=yXKUzshxJfXZt6V9nHP8EQ%3D%3D&trk=public_jobs_jserp-result_search-card,1 month ago,Halan - حالا,https://eg.linkedin.com/company/halan?trk=public_jobs_jserp-result_job-search-card-subtitle,"Cairo, Cairo, Egypt"
IT Helpdesk Specialist (on-site),https://eg.linkedin.com/jobs/view/it-helpdesk-specialist-on-site-at-misr-technology-services-3854605147?position=4&pageNum=12&refId=AHX%2BTkIrmw8TNl1Oefstgg%3D%3D&trackingId=mddCzvSdDQfyXdOy0BCfrg%3D%3D&trk=public_jobs_jserp-result_search-card,3 months ago,Misr Technology Services,https://eg.linkedin.com/company/misr-technology-services?trk=public_jobs_jserp-result_job-search-card-subtitle,"Heliopolis, Cairo, Egypt"
HR Personnel Specialist,https://eg.linkedin.com/jobs/view/hr-personnel-specialist-at-halan-%D8%AD%D8%A7%D9%84%D8%A7-3861972848?position=5&pageNum=12&refId=AHX%2BTkIrmw8TNl1Oefstgg%3D%3D&trackingId=MiYIla5x6V%2BK7eA8CvkySg%3D%3D&trk=public_jobs_jserp-result_search-card,3 months ago,Halan - حالا,https://eg.linkedin.com/company/halan?trk=public_jobs_jserp-result_job-search-card-subtitle,"Cairo, Cairo, Egypt"
Supply Chain Planning Assistant Analyst,https://eg.linkedin.com/jobs/view/supply-chain-planning-assistant-analyst-at-pepsico-3920118053?position=6&pageNum=12&refId=AHX%2BTkIrmw8TNl1Oefstgg%3D%3D&trackingId=oXuiIX20tUIu2wi9fGGEiw%3D%3D&trk=public_jobs_jserp-result_search-card,9 hours ago,PepsiCo,https://www.linkedin.com/company/pepsico?trk=public_jobs_jserp-result_job-search-card-subtitle,"New Cairo, Cairo, Egypt"
Personnel Specialist,https://eg.linkedin.com/jobs/view/personnel-specialist-at-halan-%D8%AD%D8%A7%D9%84%D8%A7-3925464792?position=7&pageNum=12&refId=AHX%2BTkIrmw8TNl1Oefstgg%3D%3D&trackingId=tRUL1mxFLY5kxI5vWb%2BB5w%3D%3D&trk=public_jobs_jserp-result_search-card,1 month ago,Halan - حالا,https://eg.linkedin.com/company/halan?trk=public_jobs_jserp-result_job-search-card-subtitle,"Cairo, Cairo, Egypt"
Operations Manager,https://eg.linkedin.com/jobs/view/operations-manager-at-illa-3947695254?position=8&pageNum=12&refId=AHX%2BTkIrmw8TNl1Oefstgg%3D%3D&trackingId=RVp9iE8QtAOUo5WCou6Nlg%3D%3D&trk=public_jobs_jserp-result_search-card,2 weeks ago,ILLA,https://eg.linkedin.com/company/illa-for-transportation-solutions?trk=public_jobs_jserp-result_job-search-card-subtitle,"Cairo, Cairo, Egypt"
Customer Service Advisor,https://eg.linkedin.com/jobs/view/customer-service-advisor-at-egyptian-banks-company-3930132093?position=9&pageNum=12&refId=AHX%2BTkIrmw8TNl1Oefstgg%3D%3D&trackingId=KPwaAWIEm8SnPFEQqTVx8Q%3D%3D&trk=public_jobs_jserp-result_search-card,1 month ago,Egyptian Banks Company,https://eg.linkedin.com/company/egyptian-banks-company?trk=public_jobs_jserp-result_job-search-card-subtitle,"Cairo, Cairo, Egypt"
Commercial and Residential Real Estate Expert,https://eg.linkedin.com/jobs/view/commercial-and-residential-real-estate-expert-at-halan-%D8%AD%D8%A7%D9%84%D8%A7-3915325400?position=10&pageNum=12&refId=AHX%2BTkIrmw8TNl1Oefstgg%3D%3D&trackingId=MH8JqcqLp6VOlBWGEVueBQ%3D%3D&trk=public_jobs_jserp-result_search-card,1 month ago,Halan - حالا,https://eg.linkedin.com/company/halan?trk=public_jobs_jserp-result_job-search-card-subtitle,"Cairo, Cairo, Egypt"
Accountant,https://eg.linkedin.com/jobs/view/accountant-at-snap14-production-3943188526?position=1&pageNum=15&refId=nKk4GDeHZAMiGu0YpO2RJQ%3D%3D&trackingId=8KPgV6VvZ%2BGinNlbdKxZrQ%3D%3D&trk=public_jobs_jserp-result_search-card,3 weeks ago,SNAP14 Production,https://eg.linkedin.com/company/snapfourteen?trk=public_jobs_jserp-result_job-search-card-subtitle,"Qesm El Maadi, Cairo, Egypt"
Project Engineer,https://eg.linkedin.com/jobs/view/project-engineer-at-elsewedy-electric-3911068486?position=2&pageNum=15&refId=nKk4GDeHZAMiGu0YpO2RJQ%3D%3D&trackingId=k1CodIs59c0z9AgygTIENg%3D%3D&trk=public_jobs_jserp-result_search-card,1 month ago,ELSEWEDY ELECTRIC,https://eg.linkedin.com/company/elsewedyelectric?trk=public_jobs_jserp-result_job-search-card-subtitle,"Cairo, Cairo, Egypt"
HR Operations Specialist,https://eg.linkedin.com/jobs/view/hr-operations-specialist-at-tagaddod-3952308679?position=3&pageNum=15&refId=nKk4GDeHZAMiGu0YpO2RJQ%3D%3D&trackingId=qclTbebNCDyv6lvTbjgCag%3D%3D&trk=public_jobs_jserp-result_search-card,1 week ago,Tagaddod,https://eg.linkedin.com/company/tagaddod?trk=public_jobs_jserp-result_job-search-card-subtitle,"Cairo, Cairo, Egypt"
Chief Accountant,https://eg.linkedin.com/jobs/view/chief-accountant-at-arpuplus-arpu-telecommunications-services-3946470084?position=4&pageNum=15&refId=nKk4GDeHZAMiGu0YpO2RJQ%3D%3D&trackingId=zBzEwUmZuVp2maX5zrdZfg%3D%3D&trk=public_jobs_jserp-result_search-card,2 weeks ago,ArpuPlus - ARPU Telecommunications Services,https://eg.linkedin.com/company/arpuplusofficial?trk=public_jobs_jserp-result_job-search-card-subtitle,"Cairo, Cairo, Egypt"
Customer Service - Telecommunication Vacancies,https://eg.linkedin.com/jobs/view/customer-service-telecommunication-vacancies-at-a3malouna-com-3943234643?position=5&pageNum=15&refId=nKk4GDeHZAMiGu0YpO2RJQ%3D%3D&trackingId=gPSIP%2FmTZ8B3cg1Mu0Y0TQ%3D%3D&trk=public_jobs_jserp-result_search-card,3 weeks ago,A3malouna.com,https://www.linkedin.com/company/a3malouna?trk=public_jobs_jserp-result_job-search-card-subtitle,"Giza, Al Jizah, Egypt"
Site Engineer,https://eg.linkedin.com/jobs/view/site-engineer-at-alfa-medical-group-3943010749?position=6&pageNum=15&refId=nKk4GDeHZAMiGu0YpO2RJQ%3D%3D&trackingId=4pfgfqrFFe%2BtUbsx4Z57aw%3D%3D&trk=public_jobs_jserp-result_search-card,2 weeks ago,Alfa Medical Group,https://eg.linkedin.com/company/alfamedicalgroup?trk=public_jobs_jserp-result_job-search-card-subtitle,"Giza, Al Jizah, Egypt"
FP&A Analyst,https://eg.linkedin.com/jobs/view/fp-a-analyst-at-halan-%D8%AD%D8%A7%D9%84%D8%A7-3957550458?position=7&pageNum=15&refId=nKk4GDeHZAMiGu0YpO2RJQ%3D%3D&trackingId=BaOUR7icgJLbpxCcKEfIog%3D%3D&trk=public_jobs_jserp-result_search-card,3 days ago,Halan - حالا,https://eg.linkedin.com/company/halan?trk=public_jobs_jserp-result_job-search-card-subtitle,"Cairo, Cairo, Egypt"
Marketing Internship Program,https://eg.linkedin.com/jobs/view/marketing-internship-program-at-illa-3948353470?position=8&pageNum=15&refId=nKk4GDeHZAMiGu0YpO2RJQ%3D%3D&trackingId=uTbwEVTSrdO18BPV6X6Ezw%3D%3D&trk=public_jobs_jserp-result_search-card,2 weeks ago,ILLA,https://eg.linkedin.com/company/illa-for-transportation-solutions?trk=public_jobs_jserp-result_job-search-card-subtitle,"Cairo, Cairo, Egypt"
Property Consultant,https://eg.linkedin.com/jobs/view/property-consultant-at-beit-network-3905493270?position=9&pageNum=15&refId=nKk4GDeHZAMiGu0YpO2RJQ%3D%3D&trackingId=AUqK%2BrB%2BH2rjggF9XPRfdg%3D%3D&trk=public_jobs_jserp-result_search-card,2 days ago,Beit Network,https://eg.linkedin.com/company/beit-network?trk=public_jobs_jserp-result_job-search-card-subtitle,"New Cairo, Cairo, Egypt"
Customer Service in airport (Contract based-3 month),https://eg.linkedin.com/jobs/view/customer-service-in-airport-contract-based-3-month-at-orange-egypt-3935608887?position=10&pageNum=15&refId=nKk4GDeHZAMiGu0YpO2RJQ%3D%3D&trackingId=R5Xl%2FkPs%2BupRN6esPRC6Gg%3D%3D&trk=public_jobs_jserp-result_search-card,1 month ago,Orange Egypt,https://eg.linkedin.com/company/orange-egypt?trk=public_jobs_jserp-result_job-search-card-subtitle,"Cairo, Cairo, Egypt"
Payroll Relationship Manager,https://eg.linkedin.com/jobs/view/payroll-relationship-manager-at-al-ahli-bank-of-kuwait-egypt-3943027588?position=1&pageNum=17&refId=moqykwXnqB0ldduGHPJXyQ%3D%3D&trackingId=vloWk1SQ%2BKxaWxDJsbpSSA%3D%3D&trk=public_jobs_jserp-result_search-card,2 weeks ago,Al Ahli Bank of Kuwait - Egypt,https://eg.linkedin.com/company/abkegypt?trk=public_jobs_jserp-result_job-search-card-subtitle,"Al Jizah, Egypt"
Assistant Manager Finance,https://eg.linkedin.com/jobs/view/assistant-manager-finance-at-noon-3941131732?position=2&pageNum=17&refId=moqykwXnqB0ldduGHPJXyQ%3D%3D&trackingId=idqiSef15jFTkVFCIPK3sw%3D%3D&trk=public_jobs_jserp-result_search-card,3 weeks ago,noon,https://sa.linkedin.com/company/nooncom?trk=public_jobs_jserp-result_job-search-card-subtitle,"Cairo, Egypt"
Content Creator & Analyst Internship,https://eg.linkedin.com/jobs/view/content-creator-analyst-internship-at-illa-3938929248?position=3&pageNum=17&refId=moqykwXnqB0ldduGHPJXyQ%3D%3D&trackingId=B0cnsYmLVlkzjbMzDsQUog%3D%3D&trk=public_jobs_jserp-result_search-card,3 weeks ago,ILLA,https://eg.linkedin.com/company/illa-for-transportation-solutions?trk=public_jobs_jserp-result_job-search-card-subtitle,"Cairo, Cairo, Egypt"
Manufacturing Manager,https://eg.linkedin.com/jobs/view/manufacturing-manager-at-ssc-egypt-3924224524?position=4&pageNum=17&refId=moqykwXnqB0ldduGHPJXyQ%3D%3D&trackingId=8qOsjnI2vkoQFr1QZ%2FCr1w%3D%3D&trk=public_jobs_jserp-result_search-card,2 months ago,SSC Egypt,https://eg.linkedin.com/company/ssc-egypt?trk=public_jobs_jserp-result_job-search-card-subtitle,"Cairo, Cairo, Egypt"
Scrum Master,https://eg.linkedin.com/jobs/view/scrum-master-at-money-fellows-3931174724?position=5&pageNum=17&refId=moqykwXnqB0ldduGHPJXyQ%3D%3D&trackingId=mjjGiyvnnxmva9R6rI0iiQ%3D%3D&trk=public_jobs_jserp-result_search-card,1 month ago,Money Fellows,https://eg.linkedin.com/company/moneyfellows?trk=public_jobs_jserp-result_job-search-card-subtitle,"Cairo, Cairo, Egypt"
"Assistant Manager, Finance",https://eg.linkedin.com/jobs/view/assistant-manager-finance-at-noon-3943111701?position=6&pageNum=17&refId=moqykwXnqB0ldduGHPJXyQ%3D%3D&trackingId=m3Txz%2BL3FBUK%2Fd%2FmfKQU7g%3D%3D&trk=public_jobs_jserp-result_search-card,3 weeks ago,noon,https://sa.linkedin.com/company/nooncom?trk=public_jobs_jserp-result_job-search-card-subtitle,"Cairo, Egypt"
Technical Support/Help Desk,https://eg.linkedin.com/jobs/view/technical-support-help-desk-at-migrationit-3941561131?position=7&pageNum=17&refId=moqykwXnqB0ldduGHPJXyQ%3D%3D&trackingId=5Qb10p3VPeUZK4LC70g%2BYA%3D%3D&trk=public_jobs_jserp-result_search-card,3 weeks ago,MigrationIT,https://eg.linkedin.com/company/migrationit?trk=public_jobs_jserp-result_job-search-card-subtitle,"Cairo, Cairo, Egypt"
Greek VRI/OPI Interpretation Vacancy (Cairo) (Remote),https://eg.linkedin.com/jobs/view/greek-vri-opi-interpretation-vacancy-cairo-remote-at-kalamcx-3953542336?position=8&pageNum=17&refId=moqykwXnqB0ldduGHPJXyQ%3D%3D&trackingId=4kcb7xuhklBP5FjOyIcdWw%3D%3D&trk=public_jobs_jserp-result_search-card,1 week ago,Kalamcx,https://ae.linkedin.com/company/kalamcx?trk=public_jobs_jserp-result_job-search-card-subtitle,"Cairo, Cairo, Egypt"
Head of Content,https://eg.linkedin.com/jobs/view/head-of-content-at-halan-%D8%AD%D8%A7%D9%84%D8%A7-3921055405?position=9&pageNum=17&refId=moqykwXnqB0ldduGHPJXyQ%3D%3D&trackingId=t3NoD6lNK8oFdA4tKIzI9A%3D%3D&trk=public_jobs_jserp-result_search-card,1 month ago,Halan - حالا,https://eg.linkedin.com/company/halan?trk=public_jobs_jserp-result_job-search-card-subtitle,"Cairo, Cairo, Egypt"
CEO Office Assistant/Manager,https://eg.linkedin.com/jobs/view/ceo-office-assistant-manager-at-ssc-egypt-3892239721?position=10&pageNum=17&refId=moqykwXnqB0ldduGHPJXyQ%3D%3D&trackingId=yQ34nEZGK4BWhoh%2BTzyMyw%3D%3D&trk=public_jobs_jserp-result_search-card,2 months ago,SSC Egypt,https://eg.linkedin.com/company/ssc-egypt?trk=public_jobs_jserp-result_job-search-card-subtitle,"Cairo, Cairo, Egypt"
SMEs Relationship Manager - Sadat,https://eg.linkedin.com/jobs/view/smes-relationship-manager-sadat-at-halan-%D8%AD%D8%A7%D9%84%D8%A7-3737243035?position=1&pageNum=20&refId=XmcgZO8CXqIsBp8T%2B4CiUg%3D%3D&trackingId=%2FograIuHoq0zSROH0Uo7rA%3D%3D&trk=public_jobs_jserp-result_search-card,8 months ago,Halan - حالا,https://eg.linkedin.com/company/halan?trk=public_jobs_jserp-result_job-search-card-subtitle,"Cairo, Cairo, Egypt"
Senior Graphic Designer,https://eg.linkedin.com/jobs/view/senior-graphic-designer-at-mrsool-%D9%85%D8%B1%D8%B3%D9%88%D9%84-3936812349?position=2&pageNum=20&refId=XmcgZO8CXqIsBp8T%2B4CiUg%3D%3D&trackingId=QH8y0ti%2BmrzjReHKZLk8nw%3D%3D&trk=public_jobs_jserp-result_search-card,1 month ago,MRSOOL | مرسول,https://sa.linkedin.com/company/mrsool-co?trk=public_jobs_jserp-result_job-search-card-subtitle,"Cairo, Cairo, Egypt"
Content Creator & Copywriter,https://eg.linkedin.com/jobs/view/content-creator-copywriter-at-on-hire-3935607092?position=3&pageNum=20&refId=XmcgZO8CXqIsBp8T%2B4CiUg%3D%3D&trackingId=HfiMWcWul6z%2FzEP85y6y6g%3D%3D&trk=public_jobs_jserp-result_search-card,1 month ago,On-Hire,https://eg.linkedin.com/company/on-hire?trk=public_jobs_jserp-result_job-search-card-subtitle,"Cairo, Cairo, Egypt"
"Senior Specialist, Procurement",https://eg.linkedin.com/jobs/view/senior-specialist-procurement-at-egyptian-banks-company-3947270694?position=4&pageNum=20&refId=XmcgZO8CXqIsBp8T%2B4CiUg%3D%3D&trackingId=zQZyscYxfu7HD8YjGzRzPA%3D%3D&trk=public_jobs_jserp-result_search-card,1 month ago,Egyptian Banks Company,https://eg.linkedin.com/company/egyptian-banks-company?trk=public_jobs_jserp-result_job-search-card-subtitle,"Qesm 5th, Al Minya, Egypt"
Social Media and Content Creator Intern,https://eg.linkedin.com/jobs/view/social-media-and-content-creator-intern-at-crossworkers-egypt-3948047649?position=5&pageNum=20&refId=XmcgZO8CXqIsBp8T%2B4CiUg%3D%3D&trackingId=jySbR1schdKk4zusCqECJA%3D%3D&trk=public_jobs_jserp-result_search-card,2 weeks ago,Crossworkers-Egypt,https://eg.linkedin.com/company/crossworkers-egypt?trk=public_jobs_jserp-result_job-search-card-subtitle,"New Cairo, Cairo, Egypt"
Jr. Business Controller - Egypt,https://eg.linkedin.com/jobs/view/jr-business-controller-egypt-at-danone-3960015367?position=6&pageNum=20&refId=XmcgZO8CXqIsBp8T%2B4CiUg%3D%3D&trackingId=vwENfV2DUwPwpAPF2bBuNA%3D%3D&trk=public_jobs_jserp-result_search-card,1 day ago,Danone,https://fr.linkedin.com/company/danone?trk=public_jobs_jserp-result_job-search-card-subtitle,"Cairo, Cairo, Egypt"
Technology Internship Program,https://eg.linkedin.com/jobs/view/technology-internship-program-at-illa-3948352821?position=7&pageNum=20&refId=XmcgZO8CXqIsBp8T%2B4CiUg%3D%3D&trackingId=TVMJzppGSsiHkPjAlcd5Jg%3D%3D&trk=public_jobs_jserp-result_search-card,2 weeks ago,ILLA,https://eg.linkedin.com/company/illa-for-transportation-solutions?trk=public_jobs_jserp-result_job-search-card-subtitle,"Cairo, Cairo, Egypt"
Operations Engineer,https://eg.linkedin.com/jobs/view/operations-engineer-at-tagaddod-3930130065?position=8&pageNum=20&refId=XmcgZO8CXqIsBp8T%2B4CiUg%3D%3D&trackingId=XOJSgrvonqNjd26VHr9DJA%3D%3D&trk=public_jobs_jserp-result_search-card,1 month ago,Tagaddod,https://eg.linkedin.com/company/tagaddod?trk=public_jobs_jserp-result_job-search-card-subtitle,"Alexandria, Alexandria, Egypt"
Office Admin Vacancy.,https://eg.linkedin.com/jobs/view/office-admin-vacancy-at-rekrut-by-talent-360-3921457912?position=9&pageNum=20&refId=XmcgZO8CXqIsBp8T%2B4CiUg%3D%3D&trackingId=bDWwy5E7iCHZ3mZse6dD9A%3D%3D&trk=public_jobs_jserp-result_search-card,1 month ago,Rekrut by Talent 360,https://eg.linkedin.com/company/rekrut-talents?trk=public_jobs_jserp-result_job-search-card-subtitle,"Cairo, Cairo, Egypt"
Graphic Design,https://eg.linkedin.com/jobs/view/graphic-design-at-talent-disruptors-3860726095?position=10&pageNum=20&refId=XmcgZO8CXqIsBp8T%2B4CiUg%3D%3D&trackingId=KnloYtV4ignVTuIAYaiPeg%3D%3D&trk=public_jobs_jserp-result_search-card,3 months ago,Talent Disruptors,https://www.linkedin.com/company/talentdisruptors?trk=public_jobs_jserp-result_job-search-card-subtitle,Egypt
Finance Reporting Supervisor,https://eg.linkedin.com/jobs/view/finance-reporting-supervisor-at-halan-%D8%AD%D8%A7%D9%84%D8%A7-3902609874?position=1&pageNum=22&refId=lN614vP36vzBPtnMf8kblQ%3D%3D&trackingId=kqjp0EPEzH%2FsOlAvGuYsWg%3D%3D&trk=public_jobs_jserp-result_search-card,2 months ago,Halan - حالا,https://eg.linkedin.com/company/halan?trk=public_jobs_jserp-result_job-search-card-subtitle,"Cairo, Cairo, Egypt"
Junior Talent Acquistion Specialist (Hybrid),https://eg.linkedin.com/jobs/view/junior-talent-acquistion-specialist-hybrid-at-bayantech-3949016329?position=2&pageNum=22&refId=lN614vP36vzBPtnMf8kblQ%3D%3D&trackingId=UKBJWu0jYjjyFLUB6axTEw%3D%3D&trk=public_jobs_jserp-result_search-card,1 week ago,Bayantech,https://ae.linkedin.com/company/bayan-tech?trk=public_jobs_jserp-result_job-search-card-subtitle,"Giza, Al Jizah, Egypt"
Receptionist,https://eg.linkedin.com/jobs/view/receptionist-at-gartner-lee-limited-3958942792?position=3&pageNum=22&refId=lN614vP36vzBPtnMf8kblQ%3D%3D&trackingId=JIyaet010dDdQ80T8e2EdA%3D%3D&trk=public_jobs_jserp-result_search-card,2 days ago,Gartner Lee Limited,https://ca.linkedin.com/company/gartner-lee-limited?trk=public_jobs_jserp-result_job-search-card-subtitle,"Ismailia, Al Isma'iliyah, Egypt"
"Compliance Operations Analyst (KYB, AML, KYC)",https://eg.linkedin.com/jobs/view/compliance-operations-analyst-kyb-aml-kyc-at-pluto-3955858987?position=4&pageNum=22&refId=lN614vP36vzBPtnMf8kblQ%3D%3D&trackingId=OnAxOGNbopI7OBhdgPkQew%3D%3D&trk=public_jobs_jserp-result_search-card,5 days ago,Pluto,https://ae.linkedin.com/company/plutocardmena?trk=public_jobs_jserp-result_job-search-card-subtitle,"Cairo, Cairo, Egypt"
Collections Specialist,https://eg.linkedin.com/jobs/view/collections-specialist-at-nawy-3921516929?position=5&pageNum=22&refId=lN614vP36vzBPtnMf8kblQ%3D%3D&trackingId=2FUaM849pIHcc71pf7R9WQ%3D%3D&trk=public_jobs_jserp-result_search-card,1 month ago,Nawy,https://eg.linkedin.com/company/nawyestate?trk=public_jobs_jserp-result_job-search-card-subtitle,"Cairo, Cairo, Egypt"
Site Engineer,https://eg.linkedin.com/jobs/view/site-engineer-at-travco-properties-3814524133?position=6&pageNum=22&refId=lN614vP36vzBPtnMf8kblQ%3D%3D&trackingId=VF5AtEZKLMetwTFln8q34A%3D%3D&trk=public_jobs_jserp-result_search-card,5 months ago,Travco Properties,https://eg.linkedin.com/company/travco-properties?trk=public_jobs_jserp-result_job-search-card-subtitle,"Cairo, Cairo, Egypt"
Operations Specialist,https://eg.linkedin.com/jobs/view/operations-specialist-at-impactyn-3939701671?position=7&pageNum=22&refId=lN614vP36vzBPtnMf8kblQ%3D%3D&trackingId=C7L%2BGptYtRPPiUt2hkaJjw%3D%3D&trk=public_jobs_jserp-result_search-card,3 weeks ago,Impactyn,https://www.linkedin.com/company/impactyn?trk=public_jobs_jserp-result_job-search-card-subtitle,"6th of October, Cairo, Egypt"
System Administrator - Remotely,https://eg.linkedin.com/jobs/view/system-administrator-remotely-at-lucidya-%D9%84%D9%88%D8%B3%D9%8A%D8%AF%D9%8A%D8%A7-3934522595?position=8&pageNum=22&refId=lN614vP36vzBPtnMf8kblQ%3D%3D&trackingId=yN2In%2FiMHAoszU2IqJndPw%3D%3D&trk=public_jobs_jserp-result_search-card,1 month ago,Lucidya | لوسيديا,https://sa.linkedin.com/company/lucidya?trk=public_jobs_jserp-result_job-search-card-subtitle,Egypt
Arabic - English Translator ( Freelance ),https://eg.linkedin.com/jobs/view/arabic-english-translator-freelance-at-jari-solutions-3942090844?position=9&pageNum=22&refId=lN614vP36vzBPtnMf8kblQ%3D%3D&trackingId=skvIsPWroLHDJ7KLGBPlLQ%3D%3D&trk=public_jobs_jserp-result_search-card,3 weeks ago,Jari Solutions,https://sa.linkedin.com/company/jari-company?trk=public_jobs_jserp-result_job-search-card-subtitle,"Cairo, Cairo, Egypt"
Spanish VRI/OPI Interpretation Vacancy (Cairo Based),https://eg.linkedin.com/jobs/view/spanish-vri-opi-interpretation-vacancy-cairo-based-at-kalamcx-3953540407?position=10&pageNum=22&refId=lN614vP36vzBPtnMf8kblQ%3D%3D&trackingId=FTuki6vEBUQcwhNXXb%2Ba3A%3D%3D&trk=public_jobs_jserp-result_search-card,1 week ago,Kalamcx,https://ae.linkedin.com/company/kalamcx?trk=public_jobs_jserp-result_job-search-card-subtitle,"Cairo, Cairo, Egypt"
People Experience Officer,https://eg.linkedin.com/jobs/view/people-experience-officer-at-b-tech-3948503276?position=1&pageNum=25&refId=rAtqhuyIooKiMrDzuru7Og%3D%3D&trackingId=v3rQql11fXJY34omkgLTig%3D%3D&trk=public_jobs_jserp-result_search-card,2 weeks ago,B.TECH,https://eg.linkedin.com/company/b.tech?trk=public_jobs_jserp-result_job-search-card-subtitle,"Nasr City, Cairo, Egypt"
Graphic Designer,https://eg.linkedin.com/jobs/view/graphic-designer-at-mimar-group-engineering-consultant-3948626782?position=2&pageNum=25&refId=rAtqhuyIooKiMrDzuru7Og%3D%3D&trackingId=zvnCgCZug4bamwljZ%2BB1fw%3D%3D&trk=public_jobs_jserp-result_search-card,2 weeks ago,Mimar Group (Engineering Consultant),https://www.linkedin.com/company/mimar-group?trk=public_jobs_jserp-result_job-search-card-subtitle,"Qesm 2nd New Cairo, Cairo, Egypt"
"Account Manger, Beauty",https://eg.linkedin.com/jobs/view/account-manger-beauty-at-noon-3947025355?position=3&pageNum=25&refId=rAtqhuyIooKiMrDzuru7Og%3D%3D&trackingId=DucIzENuXZcAC41U8d%2Bbcg%3D%3D&trk=public_jobs_jserp-result_search-card,2 weeks ago,noon,https://sa.linkedin.com/company/nooncom?trk=public_jobs_jserp-result_job-search-card-subtitle,"Cairo, Egypt"
Senior Copy Writer,https://eg.linkedin.com/jobs/view/senior-copy-writer-at-halan-%D8%AD%D8%A7%D9%84%D8%A7-3962027628?position=4&pageNum=25&refId=rAtqhuyIooKiMrDzuru7Og%3D%3D&trackingId=dZRunMoGq6DRFMvT9dtFwg%3D%3D&trk=public_jobs_jserp-result_search-card,5 hours ago,Halan - حالا,https://eg.linkedin.com/company/halan?trk=public_jobs_jserp-result_job-search-card-subtitle,"Cairo, Cairo, Egypt"
PMO Manager,https://eg.linkedin.com/jobs/view/pmo-manager-at-ssc-egypt-3946431878?position=5&pageNum=25&refId=rAtqhuyIooKiMrDzuru7Og%3D%3D&trackingId=HqUBfA4MULV0Y9qR%2FZWOpQ%3D%3D&trk=public_jobs_jserp-result_search-card,2 weeks ago,SSC Egypt,https://eg.linkedin.com/company/ssc-egypt?trk=public_jobs_jserp-result_job-search-card-subtitle,"Cairo, Cairo, Egypt"
Architect,https://eg.linkedin.com/jobs/view/architect-at-mimar-group-engineering-consultant-3802551572?position=6&pageNum=25&refId=rAtqhuyIooKiMrDzuru7Og%3D%3D&trackingId=X5Z2VKXY5xz8Y%2FWceY6umQ%3D%3D&trk=public_jobs_jserp-result_search-card,5 months ago,Mimar Group (Engineering Consultant),https://www.linkedin.com/company/mimar-group?trk=public_jobs_jserp-result_job-search-card-subtitle,"Qesm 2nd New Cairo, Cairo, Egypt"
Executive Assistant,https://eg.linkedin.com/jobs/view/executive-assistant-at-mckinsey-company-3943862772?position=7&pageNum=25&refId=rAtqhuyIooKiMrDzuru7Og%3D%3D&trackingId=ns0tdmcAKFap5GYyzoj4RA%3D%3D&trk=public_jobs_jserp-result_search-card,2 weeks ago,McKinsey & Company,https://www.linkedin.com/company/mckinsey?trk=public_jobs_jserp-result_job-search-card-subtitle,"Cairo, Cairo, Egypt"
Senior Bookkeeper/Accountant,https://eg.linkedin.com/jobs/view/senior-bookkeeper-accountant-at-maven-success-3953502177?position=8&pageNum=25&refId=rAtqhuyIooKiMrDzuru7Og%3D%3D&trackingId=0MKNg%2FIs2e4z98DFEYzVog%3D%3D&trk=public_jobs_jserp-result_search-card,1 week ago,Maven Success,https://www.linkedin.com/company/maven-success?trk=public_jobs_jserp-result_job-search-card-subtitle,Egypt
Customer Care Agent,https://eg.linkedin.com/jobs/view/customer-care-agent-at-sary-3941134159?position=9&pageNum=25&refId=rAtqhuyIooKiMrDzuru7Og%3D%3D&trackingId=oT8QqgAtPRFwakg53mSbSQ%3D%3D&trk=public_jobs_jserp-result_search-card,1 month ago,Sary,https://sa.linkedin.com/company/trysary?trk=public_jobs_jserp-result_job-search-card-subtitle,"Cairo, Cairo, Egypt"
Customer Service Officer,https://eg.linkedin.com/jobs/view/customer-service-officer-at-ssc-egypt-3944954326?position=10&pageNum=25&refId=rAtqhuyIooKiMrDzuru7Og%3D%3D&trackingId=9odZqpOO4hl%2Br9Zrr7DOFQ%3D%3D&trk=public_jobs_jserp-result_search-card,1 month ago,SSC Egypt,https://eg.linkedin.com/company/ssc-egypt?trk=public_jobs_jserp-result_job-search-card-subtitle,"Cairo, Cairo, Egypt"
